,event_time,ifo,gravityspy_id,label
5,1163421591.62109,H1,tsUHxRhgQU,1080Lines
6,1135086850.42725,L1,yZPB2Lkecd,Whistle
13,1135091905.55615,L1,w5Q7y5Q3GU,Whistle
15,1135079376.57617,L1,vUC3DNnxxx,Whistle
17,1135059491.08203,L1,uy76welEYp,Whistle
19,1135095757.76172,L1,trLIDfUdzB,Whistle
21,1163850760.01758,L1,msSTHcULv9,Violin_Mode
22,1163795679.7207,L1,mR2gNstPwo,Violin_Mode
24,1163829885.20898,L1,mGsouCFsjY,Violin_Mode
25,1163511913.01367,L1,mEACLgYNHd,Violin_Mode
26,1163841789.93945,L1,lyGwCzbaiN,Violin_Mode
27,1163844303.11133,L1,loHWNGitoM,Violin_Mode
29,1163853619.61133,L1,lizGRI1DY5,Violin_Mode
30,1163770956.7246099,L1,kyPwfOvhzI,Violin_Mode
31,1163846633.60742,L1,kZg6rTdYS7,Violin_Mode
32,1163828671.44726,L1,kY46GoCunh,Violin_Mode
34,1163834946.29883,L1,kVF2ECna8n,Violin_Mode
35,1163772896.68359,L1,kKEyyQQ0Oa,Violin_Mode
36,1163848541.2128901,L1,jsm1CL1GkS,Violin_Mode
37,1163769229.89453,L1,jeVftGIj4f,Violin_Mode
38,1163508025.7832,L1,jOiMyEmNef,Violin_Mode
39,1163774141.33398,L1,jK9HyZvPiF,Violin_Mode
40,1163856542.79492,L1,jDbK0axpoP,Violin_Mode
41,1163835101.4746099,L1,iu1JmQJhh9,Violin_Mode
42,1163857698.06055,L1,iqAd2kcmA3,Violin_Mode
43,1163838041.4082,L1,ikBfpbdPn7,Violin_Mode
44,1163830684.12305,L1,ieDXkMWuno,Violin_Mode
45,1163834220.81445,L1,iLWQbM2o1k,Violin_Mode
46,1163845824.17383,L1,iGUVwBT0Z2,Violin_Mode
47,1163766234.63867,L1,i2W2dXeKk3,Violin_Mode
48,1163796463.05273,L1,hyai1Qz5aA,Violin_Mode
49,1163831789.6582,L1,hiBjiRz3u9,Violin_Mode
50,1163841198.04883,L1,hbzqVmrmQl,Violin_Mode
51,1163773236.16016,L1,hZDmfCeRsx,Violin_Mode
52,1163750282.67773,L1,hO8M7jnR6B,Violin_Mode
53,1163841614.39648,L1,hBS2jop39b,Violin_Mode
54,1163513793.7207,L1,h8QjlcQsUj,Violin_Mode
55,1163831237.5293,L1,gR4qmoqqMA,Violin_Mode
56,1163830559.5293,L1,gC4r1zT1xz,Violin_Mode
57,1163832258.1543,L1,fhaZM8i6jU,Violin_Mode
58,1163792675.25976,L1,ffvlDTS96q,Violin_Mode
59,1163773745.85351,L1,feZrXoNrQN,Violin_Mode
60,1163773562.0918,L1,fTmOZqxF7q,Violin_Mode
61,1163790980.5371099,L1,fEOlpQbZ8E,Violin_Mode
62,1163753439.87695,L1,fBpV57kc3F,Violin_Mode
63,1163827433.66992,L1,f49cPlw0Qh,Violin_Mode
64,1163748792.5683599,L1,eweCEgtWxa,Violin_Mode
65,1163505178.26758,L1,ehyQFVqCLL,Violin_Mode
66,1163749130.1933599,L1,eewFUrXU2M,Violin_Mode
67,1163513528.76367,L1,eQIHufK4Ne,Violin_Mode
68,1163754931.8457,L1,deCfBBznIg,Violin_Mode
69,1163768512.2207,L1,dcos4ay5kW,Violin_Mode
70,1163769147.3378901,L1,dDUx9IUhtp,Violin_Mode
71,1163755146.3418,L1,cyHIbCCDhC,Violin_Mode
72,1163830028.56055,L1,cemixWrRgv,Violin_Mode
73,1163770853.12305,L1,ca4n1b4cRY,Violin_Mode
74,1163828844.54492,L1,cZeA9jA1E0,Violin_Mode
75,1163832481.41992,L1,cRKUBgCmTX,Violin_Mode
76,1163766417.08008,L1,cIQC3sbjLk,Violin_Mode
77,1163736423.37305,L1,cAHYZaH3N1,Violin_Mode
78,1163831605.0878901,L1,buibfnPDco,Violin_Mode
79,1163832463.2832,L1,bQ4GrGsUho,Violin_Mode
80,1163832389.22266,L1,bFpUXsqd0Q,Violin_Mode
81,1163769934.26953,L1,b2oR6JvicH,Violin_Mode
82,1163769127.0878901,L1,axW5prXhcc,Violin_Mode
85,1163835517.82226,L1,areYUtf1DC,Violin_Mode
86,1163831287.20508,L1,apPnxhB76K,Violin_Mode
87,1163830662.4316401,L1,ahhqBok8UH,Violin_Mode
88,1163771867.32226,L1,afu2IFKT0B,Violin_Mode
89,1163841229.27148,L1,aad4Qaivc8,Violin_Mode
90,1163849862.04883,L1,aP4xOP5qEp,Violin_Mode
91,1163839743.04883,L1,aOrvMj3tuJ,Violin_Mode
92,1163792643.26367,L1,Zv7BnYSDJw,Violin_Mode
93,1163924453.12891,L1,ZO3Igp4MVe,Violin_Mode
94,1163795873.86133,L1,ZMhCjG8V3n,Violin_Mode
95,1163771670.12891,L1,ZFR7ynb31H,Violin_Mode
96,1163501515.62109,L1,Z01lEvjUvB,Violin_Mode
97,1163790613.7832,L1,Ywcmkmjf0S,Violin_Mode
98,1163773608.76758,L1,Yu9YSWkWGz,Violin_Mode
99,1163858136.0566401,L1,YLhzrh24oo,Violin_Mode
100,1163839605.29101,L1,YKe7lLGc4M,Violin_Mode
101,1163831213.7558599,L1,Y9csC8sn68,Violin_Mode
102,1163774081.23242,L1,Y0KUvfhAue,Violin_Mode
103,1163843518.1582,L1,Xyk1XR8bYQ,Violin_Mode
104,1163747435.45898,L1,XqUsGZvoGh,Violin_Mode
105,1163827793.50976,L1,XS48plWTyr,Violin_Mode
106,1163830547.84766,L1,XJ7tk4QXDy,Violin_Mode
107,1163730448.87695,L1,WqFFJbuZYa,Violin_Mode
108,1163768749.70117,L1,WLGbduppNs,Violin_Mode
109,1163897912.1543,L1,W5Z3E4hLZO,Violin_Mode
110,1163766734.3808599,L1,VWU5Dapu1b,Violin_Mode
111,1163513443.45898,L1,V7vOAlLUVH,Violin_Mode
112,1163790692.87695,L1,UvJcnO01Lo,Violin_Mode
113,1163843167.38476,L1,UvBTYltbzm,Violin_Mode
114,1163830557.66992,L1,UfwBLBVSxu,Violin_Mode
115,1163315493.2871099,H1,FzN353z8ER,1080Lines
116,1163829490.4121099,L1,Ue8kyWiRfg,Violin_Mode
117,1163831654.68945,L1,UT30wR1vMs,Violin_Mode
118,1163837109.7832,L1,U7LgDKveg1,Violin_Mode
119,1163774346.74023,L1,TiyCmnK4I2,Violin_Mode
120,1163766838.57617,L1,TaJxDpPtdv,Violin_Mode
121,1163503931.4316401,L1,TV5P9waS1H,Violin_Mode
122,1163831991.50976,L1,TQYQWlOsFj,Violin_Mode
123,1163674762.17773,L1,TPqZhkMUmV,Violin_Mode
124,1163794956.36133,L1,TEX9jyLD66,Violin_Mode
127,1163827759.2558599,L1,T8S1oFwK6O,Violin_Mode
128,1163829322.63476,L1,T6vChO29k4,Violin_Mode
129,1163775030.7793,L1,SzWcO4cgVP,Violin_Mode
130,1163841502.81445,L1,Sxvb0G0zFJ,Violin_Mode
131,1163828987.14648,L1,Sxg789zjBv,Violin_Mode
132,1163769037.07226,L1,SrDURM2dna,Violin_Mode
134,1163755334.5058599,L1,Sp8qvU0RDu,Violin_Mode
135,1163772663.3066401,L1,SVjoScomY6,Violin_Mode
136,1163792890.58203,L1,S11et4oYJB,Violin_Mode
138,1163501596.0058599,L1,RsVZGHkui1,Violin_Mode
139,1163830173.89453,L1,RUdFqY7FeJ,Violin_Mode
140,1163834774.2558599,L1,RQP0R6wZlz,Violin_Mode
141,1163755009.4941401,L1,ROlNZMer93,Violin_Mode
142,1163843855.80273,L1,RJ2Lyhy627,Violin_Mode
143,1163770894.50976,L1,RHjQtRlUor,Violin_Mode
144,1163768359.1933599,L1,Qv7cqHkkEd,Violin_Mode
145,1163525539.76172,L1,QqOB2830fc,Violin_Mode
146,1163829498.10742,L1,QmGikWky6F,Violin_Mode
147,1163831001.95117,L1,QlaFBJfPBU,Violin_Mode
148,1163793067.44726,L1,QhbS4KznOX,Violin_Mode
149,1163835049.0996099,L1,QhXwyYTspd,Violin_Mode
150,1163768299.0996099,L1,QSpYAXMs18,Violin_Mode
151,1163829199.75195,L1,QJ5KG5zvVz,Violin_Mode
152,1163828303.9043,L1,PuRhGLJhXs,Violin_Mode
153,1163924261.65234,L1,PlWNVlnIfL,Violin_Mode
154,1163847122.12695,L1,PaSqzQieyH,Violin_Mode
155,1163840100.23633,L1,P8XV9YEnm6,Violin_Mode
156,1163829138.8496099,L1,NqvZMRWj6T,Violin_Mode
157,1163829508.48633,L1,Nc2VpTj2Bz,Violin_Mode
158,1163772099.36133,L1,MKPm1077hd,Violin_Mode
159,1163832544.43945,L1,MBFNcr7yRi,Violin_Mode
160,1163835650.54883,L1,M8M3Ox6JlJ,Violin_Mode
161,1163768328.44726,L1,M5sSWtZD2i,Violin_Mode
164,1163836995.1582,L1,LttBcI01hp,Violin_Mode
165,1163833731.7441401,L1,LaAcpDJY5U,Violin_Mode
166,1163836428.18555,L1,LYTQUaFlkA,Violin_Mode
167,1163767992.43945,L1,LLLiCoLZ5x,Violin_Mode
168,1163771967.17773,L1,KxpzAnyNsU,Violin_Mode
169,1163833533.75976,L1,KtRSoNg4CK,Violin_Mode
170,1163770506.70117,L1,Khf06KxklS,Violin_Mode
171,1163839555.69726,L1,KLE5xNjME1,Violin_Mode
172,1163753652.3808599,L1,K9ibkqENJF,Violin_Mode
175,1163674803.33398,L1,JznIPVxVue,Violin_Mode
176,1163767760.89648,L1,Jpawga2wvI,Violin_Mode
177,1163524440.4121099,L1,JQkOlrPQGc,Violin_Mode
178,1163507868.6191401,L1,JPm3mrH7Pc,Violin_Mode
179,1163832633.92773,L1,IxRL4q92Jx,Violin_Mode
180,1163773296.24023,L1,IwB6JycwVl,Violin_Mode
181,1163749525.13476,L1,IM5O3xYCL2,Violin_Mode
182,1163773327.79492,L1,I7kPrJbUS3,Violin_Mode
183,1163774673.13867,L1,I44e8WEmnh,Violin_Mode
184,1163833024.45508,L1,HnE9maZAEn,Violin_Mode
185,1163831542.86523,L1,HjHKsotrwU,Violin_Mode
186,1163792575.41992,L1,HV85yNrYfe,Violin_Mode
187,1163769055.1933599,L1,HMKYpCQaVC,Violin_Mode
188,1163833299.81641,L1,HKt0nLGqby,Violin_Mode
189,1163845766.8691401,L1,H9a8v3HNX3,Violin_Mode
190,1163827343.4121099,L1,GzzMRjXMxt,Violin_Mode
191,1163846083.35351,L1,Gt1jYWu1Av,Violin_Mode
192,1163833676.4433599,L1,G4ycotZOb5,Violin_Mode
193,1163789395.82422,L1,G2S5fN59Ka,Violin_Mode
194,1163773818.4433599,L1,FP1SCMgvFI,Violin_Mode
195,1163827230.1503901,L1,FB76AaEkbr,Violin_Mode
196,1163795206.3183599,L1,F0RGR6ucXq,Violin_Mode
197,1163772130.0957,L1,ErmyqSd7XG,Violin_Mode
198,1163743725.36523,L1,Ek2DFMDQKN,Violin_Mode
199,1163510831.32617,L1,ENxRtIRxdU,Violin_Mode
200,1163773907.9433599,L1,EKTKGvBs6k,Violin_Mode
201,1163834291.56055,L1,DxQRTKblbL,Violin_Mode
202,1163773816.35742,L1,DaA84aRjx5,Violin_Mode
203,1163850942.4746099,L1,DW5FjPwucr,Violin_Mode
204,1163838438.31445,L1,DMkRtLJ0h3,Violin_Mode
205,1163829855.27148,L1,DDhaXmuLdD,Violin_Mode
206,1163790202.2207,L1,D30NOIUX52,Violin_Mode
207,1163832860.07617,L1,CKj46Gqe3m,Violin_Mode
208,1163827765.4707,L1,C1SD8lMtlS,Violin_Mode
211,1163794127.51367,L1,BjlZwguQuG,Violin_Mode
212,1163830642.11133,L1,ApF0ncbdp0,Violin_Mode
213,1163829132.4746099,L1,AHjF4yBA2f,Violin_Mode
214,1163767714.9082,L1,A6p3DbfkOT,Violin_Mode
215,1163677042.74023,L1,9jlrTEmZ6H,Violin_Mode
216,1163848582.5996099,L1,9d1Ye7wDBi,Violin_Mode
217,1163767647.10351,L1,9WRAyVwJjj,Violin_Mode
218,1163770687.70508,L1,9Qtc6VUV5F,Violin_Mode
219,1163844752.45117,L1,9PpA6h9Tw6,Violin_Mode
222,1163828630.87695,L1,9B70Y0CBq5,Violin_Mode
223,1163512308.81055,L1,97rDGY0ngx,Violin_Mode
224,1163790714.50391,L1,90HMlZYeUv,Violin_Mode
225,1163774277.61523,L1,8zrGviwmxg,Violin_Mode
226,1163845852.2753901,L1,8vSJPWa5Rq,Violin_Mode
227,1163674996.94922,L1,8daLHCmznd,Violin_Mode
228,1163774599.69726,L1,8Zwo7SfiO5,Violin_Mode
229,1163830059.8183599,L1,8Zup44YxaO,Violin_Mode
230,1163830242.25976,L1,8FAH6uH69f,Violin_Mode
231,1163767747.7753901,L1,88GHnFLYUV,Violin_Mode
232,1163853272.95898,L1,84saEoya44,Violin_Mode
233,1163771814.9316401,L1,84Dz5kIsAx,Violin_Mode
234,1163730566.2871099,L1,7hv2nXUAlm,Violin_Mode
235,1163770108.98047,L1,7RRDOsNstV,Violin_Mode
236,1163772467.4316401,L1,7MQ2lyZh2K,Violin_Mode
237,1163512161.7871099,L1,734QJJKsE0,Violin_Mode
238,1163834198.36133,L1,6kR5tAwRxD,Violin_Mode
239,1163834881.0293,L1,6aRUlhWSYu,Violin_Mode
240,1163775368.4003901,L1,6SU0YNWAcw,Violin_Mode
241,1163844434.2168,L1,6DpsrRn0JZ,Violin_Mode
242,1163789927.62305,L1,60iVlG1vJu,Violin_Mode
243,1163508023.8457,L1,5cHDRqnq5b,Violin_Mode
244,1163834575.18555,L1,5OCVti3Zyv,Violin_Mode
245,1163833521.2207,L1,4d7A4Hvrrq,Violin_Mode
246,1163788769.66601,L1,4VtiuIWLP1,Violin_Mode
247,1163854603.64648,L1,4Vr5cLISml,Violin_Mode
248,1163795599.2441401,L1,4QYVDG49Qa,Violin_Mode
249,1163829530.70898,L1,3mdqle8vcB,Violin_Mode
250,1164206902.54297,L1,3WCSS46OyY,Violin_Mode
251,1163774562.85742,L1,2w7ldnnkoW,Violin_Mode
252,1163833308.60351,L1,2TAEUe5SPa,Violin_Mode
253,1163830405.1503901,L1,2HEzjD6qyB,Violin_Mode
345,1135095907.94678,L1,r7Wwxt0aNF,Whistle
346,1135089079.12549,L1,qpon9FrgBp,Whistle
347,1135065358.32666,L1,qhtS6ItwRM,Whistle
349,1135081860.8457,L1,qEtpqGMCfR,Whistle
350,1135091745.34521,L1,q4pLfcFjEm,Whistle
351,1135074101.05078,L1,py6uIPkVo5,Whistle
353,1135082522.29248,L1,pZXOweAmHg,Whistle
355,1135068963.3408198,L1,L2mK6gu7hw,Whistle
356,1135059795.95557,L1,KTAWfwJ9qQ,Whistle
358,1135096086.94726,L1,KCs0Bq0Ohg,Whistle
359,1135070718.06885,L1,IRH0WpLCm7,Whistle
362,1135060193.81982,L1,IOaWx5yuoz,Whistle
369,1135059515.76758,L1,HEaxPIpW4S,Whistle
370,1135093630.4895,L1,GwpR7j2czx,Whistle
375,1135062477.47851,L1,EIvGeDSejo,Whistle
377,1135088614.89111,L1,CiCQb6LIYf,Whistle
378,1135065468.70459,L1,CPm8Cnvums,Whistle
380,1135064807.44922,L1,CF9byYzelF,Whistle
382,1135082941.85351,L1,Bn85lnnzCt,Whistle
388,1135075445.19726,L1,9a2decsH1F,Whistle
389,1135062679.09619,L1,9SCyP9piwp,Whistle
394,1135081873.44775,L1,7hKZ468uHL,Whistle
395,1135076105.2128901,L1,7ern74cJtq,Whistle
396,1135081311.30713,L1,71zVSGjvhr,Whistle
397,1135057594.80078,L1,6iJdykO9ly,Whistle
398,1135071514.15234,L1,6hBsauGFBr,Whistle
399,1135091499.52246,L1,4n8yq93FHJ,Whistle
401,1135066387.54395,L1,4f5Zbu8tyv,Whistle
402,1135085179.98584,L1,4QWgo1N8FC,Whistle
403,1135058527.82422,L1,4Id03tZZVG,Whistle
411,1135061337.14258,L1,0YjQHsFbSq,Whistle
413,1135090882.89648,L1,0Niow7JIvT,Whistle
417,1134776965.8984401,H1,uKGn4BOVaH,Wandering_Line
418,1135078285.1933599,H1,tryOK55Iix,Wandering_Line
419,1134780538.79688,H1,mMwyEtnMHw,Wandering_Line
422,1134780775.2578099,H1,Zb8HNODd8E,Wandering_Line
423,1134780280.60938,H1,ZPipXNojvN,Wandering_Line
428,1134781211.98438,H1,Sd8CaYSOab,Wandering_Line
430,1134781174.6953099,H1,IE7Kj1RBXU,Wandering_Line
432,1134781091.6328099,H1,AS6UI4PRa7,Wandering_Line
433,1135099127.69141,H1,C4OfFIsI7h,Wandering_Line
436,1134776853.35938,H1,1eOIJvG4v1,Wandering_Line
437,1134781295.1640599,H1,0WXDmnjwFX,Wandering_Line
438,1163829154.9316401,L1,zcCkLza472,Violin_Mode
439,1163499571.5996099,L1,ynOYRFDtsX,Violin_Mode
440,1163767347.92383,L1,ySZZ7EYJ89,Violin_Mode
441,1163839012.0957,L1,yBJFtk5bgU,Violin_Mode
442,1163837785.85742,L1,wbxKFSI6bq,Violin_Mode
443,1163832000.0253901,L1,wZI7zKpZnn,Violin_Mode
444,1163526933.54883,L1,w00EqliVu2,Violin_Mode
445,1163827360.98047,L1,vvTkW3WLgC,Violin_Mode
446,1163769944.1503901,L1,vYp8kvujeG,Violin_Mode
447,1163747865.23633,L1,vSdtezjGbb,Violin_Mode
448,1163504765.76367,L1,uMbsVEi930,Violin_Mode
449,1163845777.52148,L1,twZyFCoYDF,Violin_Mode
450,1163754383.3378901,L1,tJK39owz38,Violin_Mode
451,1163734702.04492,L1,sk6r5CPVCK,Violin_Mode
452,1163767217.33984,L1,sbtr97fV4D,Violin_Mode
453,1163848479.79883,L1,rNg7RbA8IG,Violin_Mode
454,1163842650.00195,L1,r78kBg2N3E,Violin_Mode
455,1163772673.14648,L1,pxRcj2uAR7,Violin_Mode
456,1163848778.98242,L1,pnhxlAR9sL,Violin_Mode
457,1163847624.5253901,L1,oUQjxDDOOw,Violin_Mode
458,1163829130.5878901,L1,oOjgt67E8e,Violin_Mode
471,1135089539.8335,L1,7ApwDlp8yT,Whistle
476,1136200500.2509801,L1,x1c9ty2wOo,Scratchy
478,1136200227.52441,L1,vww4Wjd7ym,Scratchy
485,1136196164.08398,L1,o8Ped3HpbD,Scratchy
489,1136199339.2490199,L1,n2r4Jpy8Un,Scratchy
493,1136198226.72949,L1,lEGmqQvnxs,Scratchy
495,1136195929.71875,L1,koHGbeMvMn,Scratchy
496,1136191896.65625,L1,kH9oYCHMsZ,Scratchy
497,1136195471.67383,L1,jvMhmpxafX,Scratchy
502,1136199471.08691,L1,egIf8rTSOW,Scratchy
506,1136196114.07129,L1,bkph9cVYVK,Scratchy
511,1136200308.5048802,L1,A3aycssmJX,Scratchy
519,1136198029.21875,L1,3jqhDQwD4Y,Scratchy
520,1136200036.46875,L1,1fEhw33fxB,Scratchy
539,1135083900.71924,L1,VIGcOITNeO,Whistle
544,1135084248.28662,L1,TmWfZVP5cG,Whistle
551,1135082580.47119,L1,Q5JElNjmp9,Whistle
555,1135058573.20703,L1,Ogt8LqpEaI,Whistle
557,1135095205.81494,L1,NsbHMnjbda,Whistle
559,1135082452.95947,L1,Mjgdw4MX8S,Whistle
574,1135094242.19653,L1,FoVkW7IxOF,Whistle
597,1135058389.10547,L1,1nDPzMj4au,Whistle
644,1135091904.80615,L1,LhONIG4BZy,Whistle
687,1135091985.3125,H1,Tae4qorkkr,Scattered_Light
746,1135094645.30029,L1,majXnCzhp3,Whistle
747,1135077255.80713,L1,kFsNuxTHtV,Whistle
748,1135071983.65234,L1,ivHCx9uefX,Whistle
749,1135094003.94507,L1,hzZdqTJCnU,Whistle
752,1135073291.2749,L1,ecosL4DuhP,Whistle
756,1135059523.12695,L1,czA5hfDnPA,Whistle
757,1135077064.1809099,L1,8iCbtwCYBW,Whistle
760,1135071752.7417,L1,cFkSOaQUP8,Whistle
764,1135083648.4140599,L1,ak4jnyAlwb,Whistle
766,1135094840.88037,L1,a3V4pTNGRG,Whistle
768,1135076252.50391,L1,YPmdN93Fy8,Whistle
769,1136195469.48242,L1,XyvhdK9yZR,Scratchy
771,1136196109.40625,L1,XTx1lL2svk,Scratchy
776,1136196493.09375,L1,QUWaO8nv67,Scratchy
777,1136197955.78809,L1,PLNL57yFnI,Scratchy
781,1136199783.21875,L1,NmekeeeKU4,Scratchy
783,1136198014.11035,L1,MAg113bXQh,Scratchy
804,1135107625.09375,H1,9iNF66lM2A,Scattered_Light
826,1135088065.84131,L1,x8RCK5bFGK,Repeating_Blips
835,1135065107.83447,H1,ygjhn8pLzK,Repeating_Blips
836,1135063215.73633,H1,xSWruTkkUd,Repeating_Blips
837,1135062348.9697301,H1,baOcw3xyeE,Repeating_Blips
838,1135081862.75537,H1,bZz8FYzvHU,Repeating_Blips
839,1135062541.3584,H1,b7w1JFjeaQ,Repeating_Blips
841,1135078537.98291,H1,ZbjkXf3hPe,Repeating_Blips
842,1135064139.9345698,H1,YxSHlJxuFV,Repeating_Blips
847,1135078532.35107,H1,VVwpDhUrvo,Repeating_Blips
848,1135091321.1279302,H1,VGp1vzWnRV,Repeating_Blips
852,1135063922.87695,H1,UDHbMys2E8,Repeating_Blips
853,1135078521.95654,H1,U9gdej2Fdp,Repeating_Blips
854,1135064979.93066,H1,T4wKdT4pOT,Repeating_Blips
855,1135078642.08667,H1,RSwjX3cEzx,Repeating_Blips
856,1135065699.05371,H1,R1pcMlWqgp,Repeating_Blips
857,1135078529.5835,H1,QxqrYzwscT,Repeating_Blips
858,1135063663.8418,H1,QwhT39259n,Repeating_Blips
859,1135065063.90747,H1,QdiYi9E4Wm,Repeating_Blips
860,1136195709.9873,L1,tlbGhFOVXb,Scratchy
861,1135078531.15576,H1,QMaSURw8iO,Repeating_Blips
863,1135078528.38428,H1,Q2grrrmpnG,Repeating_Blips
864,1135063918.89551,H1,NmScyaqrnt,Repeating_Blips
865,1135065342.0498,H1,PJBge7NR6M,Repeating_Blips
866,1135062301.67383,H1,Me49SO3ODZ,Repeating_Blips
870,1134782185.46924,H1,LPVmCTjb9u,Repeating_Blips
871,1135091038.85645,L1,BNjujlShrU,Whistle
874,1135063601.4033198,H1,IW0cQG57RN,Repeating_Blips
875,1135091332.4707,H1,GIgG7ACG22,Repeating_Blips
876,1134783893.64551,H1,IRoxvAGyN9,Repeating_Blips
878,1135062314.58301,H1,FeBqPNcbgP,Repeating_Blips
879,1135063829.23535,H1,FaJQvYJdDL,Repeating_Blips
880,1135063640.41309,H1,FEoMF64tXD,Repeating_Blips
881,1135091296.4541,H1,EZc7z9v9vb,Repeating_Blips
883,1135063465.94385,H1,DbkpLDrs28,Repeating_Blips
897,1135097250.5625,H1,ueURuppkKU,Scattered_Light
908,1135107694.46875,H1,rANDXPCxIV,Scattered_Light
912,1135095667.4375,H1,qR5PVCB5nI,Scattered_Light
921,1135097352.09375,H1,neE7Ebq4sZ,Scattered_Light
942,1135072741.125,H1,f3JjrAVI10,Scattered_Light
969,1135077927.4043,H1,CQLDf8tt3J,Repeating_Blips
970,1135091282.63867,H1,BhxxE6Noef,Repeating_Blips
971,1135062319.62305,H1,BW9vDkE6dp,Repeating_Blips
972,1135063218.7177699,H1,AmNMekUS3G,Repeating_Blips
973,1135091313.9047801,H1,AjntuKbMjH,Repeating_Blips
974,1135064958.57568,H1,AcCkiBfdtT,Repeating_Blips
975,1135076773.2763698,H1,A6mTOFrG1i,Repeating_Blips
979,1135078509.68213,H1,6P1bp06QBA,Repeating_Blips
980,1135078542.58154,H1,4H4m7RBFLC,Repeating_Blips
981,1135063162.1611302,H1,31QobKMfNg,Repeating_Blips
982,1135076929.11182,H1,2vBW9hxKTS,Repeating_Blips
983,1135063401.22119,H1,2LsVqfnLpl,Repeating_Blips
984,1135066905.57275,H1,1yVI8IDkOX,Repeating_Blips
987,1135091353.20996,H1,0p7tZaSsMq,Repeating_Blips
988,1135062454.22119,H1,0XeXAwme67,Repeating_Blips
1037,1135062598.60449,H1,wybGZnwcAZ,Repeating_Blips
1038,1134780561.00879,H1,wlqEmxCSdm,Repeating_Blips
1039,1135059697.95605,H1,urj58ieDwH,Repeating_Blips
1040,1135064364.58105,H1,ueLA3kRpDm,Repeating_Blips
1041,1135062683.6831,H1,tRMfBXZxIG,Repeating_Blips
1044,1135080448.7485301,L1,FMICTc5YOJ,Whistle
1045,1135063688.29004,H1,rh5X1XMMw7,Repeating_Blips
1046,1135064367.22851,H1,qneOJ0l1A8,Repeating_Blips
1047,1135063580.2197301,H1,qLCPI4WReg,Repeating_Blips
1048,1135078504.5210001,H1,pBYPBtJ4ek,Repeating_Blips
1049,1135080802.4716802,H1,q9Cxbyzubk,Repeating_Blips
1050,1136194662.96875,L1,w2hIXXWkSR,Scratchy
1051,1135078534.18018,H1,mrYXFTsXN5,Repeating_Blips
1052,1135078476.9404302,H1,ma6xUjSLsy,Repeating_Blips
1053,1135082731.9697301,H1,m8CYJRW5To,Repeating_Blips
1054,1135062520.68066,H1,jjjEP0VOLa,Repeating_Blips
1055,1135064960.19434,H1,loH3gB1nr7,Repeating_Blips
1056,1135065563.1533198,H1,gYcFyy1sHG,Repeating_Blips
1057,1135078549.0249,H1,gUmR2Rjefz,Repeating_Blips
1058,1135078484.34814,H1,frswKmzdci,Repeating_Blips
1059,1135078532.4985301,H1,fdfE44YS2y,Repeating_Blips
1061,1135064339.51221,H1,exCKigcbnN,Repeating_Blips
1062,1135065166.85645,H1,dZChcU8QR9,Repeating_Blips
1063,1135065479.03857,H1,cn0rBO6lH9,Repeating_Blips
1065,1135064365.83496,H1,cFPD1uaSj3,Repeating_Blips
1066,1135085183.3584,H1,c16wVC46pl,Repeating_Blips
1091,1135075993.8115199,L1,qqskZiWDzQ,Whistle
1122,1135090943.32812,H1,jZXjbNyVSC,No_Glitch
1137,1135078759.42773,H1,L5D9YRuSZd,No_Glitch
1139,1136198368.58398,L1,wTtMyJGlbR,Scratchy
1145,1135074789.16601,L1,786RKuATaa,Whistle
1176,1135063799.875,L1,yU1fxrnho3,Low_Frequency_Lines
1242,1136189259.03125,L1,LGYpz4fcEx,Scratchy
1249,1130697925.54688,H1,73XyCFTpyG,Power_Line
1268,1135081576.8447301,H1,vz4Mhls97p,None_of_the_Above
1269,1134777067.10938,H1,rwuKkVxe8W,None_of_the_Above
1270,1134780788.16797,H1,ouqCW4NgK5,None_of_the_Above
1271,1135067428.3691401,H1,kMLX08XOOr,None_of_the_Above
1273,1135067123.10547,H1,hJpyiueLwy,None_of_the_Above
1274,1134780276.21606,H1,dRYNlfTKQZ,None_of_the_Above
1277,1135098526.0234401,H1,W9i3kWz1Gn,None_of_the_Above
1279,1134781879.69971,H1,QMX4TbLV0U,None_of_the_Above
1280,1135078310.54688,H1,Lzov5c1LMp,None_of_the_Above
1327,1135068831.875,H1,u4kiRx43zU,Low_Frequency_Lines
1329,1135068837.09375,H1,sfH06XT70N,Low_Frequency_Lines
1348,1135060662.15625,L1,m0UtWcQQ3e,Low_Frequency_Burst
1367,1136191464.46875,L1,jOWhuCxPPV,Scratchy
1373,1136195011.2041,L1,hg7VqnQEII,Scratchy
1444,1135077339.34619,L1,3DT1o9QNLW,Whistle
1497,1135065249.5957,L1,5dEyiefPXs,Whistle
1501,1135093336.0625,H1,Igo71GabPY,Low_Frequency_Lines
1503,1136195924.6865199,L1,07WuG1plLZ,Scratchy
1522,1135055153.78125,L1,xQ9fxYOIKp,Low_Frequency_Burst
1557,1136195009.35449,L1,FXZeGxxh7u,Scratchy
1575,1136198852.96875,L1,DyveNzp784,Scratchy
1587,1133742466.7890599,H1,fjnomuDPN3,Low_Frequency_Burst
1595,1133742109.8203099,H1,aHK6W96uKS,Low_Frequency_Burst
1607,1135061734.07812,H1,OV8gShcqdg,Low_Frequency_Burst
1609,1136804610.07812,H1,7naLxOz3V3,Low_Frequency_Burst
1617,1134778592.39941,H1,zxALwutVBF,Light_Modulation
1625,1130709590.76953,H1,yYVOTDJILQ,Light_Modulation
1626,1135085876.80542,L1,zuftnZAv2p,Whistle
1628,1130707924.5361302,H1,xX6yCgST7z,Light_Modulation
1631,1134780134.09375,H1,xEsczam40k,Light_Modulation
1634,1135073313.71875,H1,wztQogRgSj,Light_Modulation
1636,1135067618.8403301,H1,wtsny17zxW,Light_Modulation
1640,1130705163.63135,H1,vxP2ncdmn5,Light_Modulation
1649,1136200131.8173802,L1,yXaj70QCtY,Scratchy
1651,1135070834.91699,H1,uCNQdrJUj9,Light_Modulation
1654,1134777301.7221699,H1,tnR7kBqUVh,Light_Modulation
1660,1135081324.17285,H1,rtGCldCulM,Light_Modulation
1662,1135081269.4453099,H1,riU6t6Pyu2,Light_Modulation
1687,1135067613.3090801,H1,pdCS3ukGbs,Light_Modulation
1688,1130705496.1499,H1,pHpo931uVE,Light_Modulation
1689,1135075269.41992,H1,oMAVvCZomG,Light_Modulation
1694,1135091102.31055,H1,njjNpbe0QL,Light_Modulation
1701,1130707489.30273,H1,kv9QXCaxAR,Light_Modulation
1702,1135072467.2441401,H1,lJbTn0tu7T,Light_Modulation
1704,1130705644.1582,H1,jwKDSvAsmq,Light_Modulation
1706,1135074324.1591802,H1,jfTt6rRcGl,Light_Modulation
1713,1135074175.21191,H1,hSaeWxYNFK,Light_Modulation
1714,1135075839.6191401,H1,iLKo9QRKET,Light_Modulation
1722,1135075273.65625,H1,gFsNQw3Fzr,Light_Modulation
1723,1135081657.98926,H1,fUszAa4uYu,Light_Modulation
1726,1135098362.40625,H1,eiomb0WcFM,Light_Modulation
1727,1135067619.83643,H1,dphOiA92Sy,Light_Modulation
1733,1130708150.29492,H1,VTYGtJKMah,Light_Modulation
1736,1135074931.51758,H1,UGZvqJkxpb,Light_Modulation
1741,1134778485.32812,H1,TESI8htR0C,Light_Modulation
1743,1135083623.14062,H1,T3s19bM7K1,Light_Modulation
1756,1135075038.16797,H1,PXc1t7MuBq,Light_Modulation
1757,1130704953.16601,H1,PB3pYDXZAV,Light_Modulation
1762,1135079375.28125,H1,OC4N9JhB6b,Light_Modulation
1767,1133743725.1328099,H1,MWNSFMmie9,Low_Frequency_Burst
1769,1133743124.8515599,H1,KfvODmCA7M,Low_Frequency_Burst
1772,1133743492.3828099,H1,F6vlnh2GbH,Low_Frequency_Burst
1778,1135073872.13672,H1,JM1mBqMFMy,Light_Modulation
1782,1130708243.9033198,H1,IWbk3Hanfu,Light_Modulation
1789,1135099550.28125,H1,G5gzyC7IZh,Light_Modulation
1790,1130710438.8496099,H1,FwsjNmXZdC,Light_Modulation
1792,1135090905.9707,H1,FWkUAgPXFR,Light_Modulation
1793,1135098341.6796901,H1,EDxL4TL2s1,Light_Modulation
1795,1135091246.94629,H1,Dp64v0AEi4,Light_Modulation
1797,1134781407.09375,H1,D4GUsfXfH0,Light_Modulation
1799,1130707240.11816,H1,D1JBKIvugG,Light_Modulation
1804,1135079747.2802699,H1,CNHNbemc01,Light_Modulation
1805,1130696790.99023,H1,Bpcvf4DMLg,Light_Modulation
1808,1130710775.8066401,H1,BFhRmNOrJq,Light_Modulation
1809,1130709678.1191401,H1,A9OpGH7TK3,Light_Modulation
1810,1135076020.26221,H1,9Czugq7spw,Light_Modulation
1812,1135084011.3173802,H1,8YGZ6GOY6a,Light_Modulation
1816,1135084983.79688,H1,89JZ6pB76C,Light_Modulation
1831,1135062560.49121,H1,LJQAKhyE88,Repeating_Blips
1846,1135064772.01465,L1,CyAJnlel8l,Koi_Fish
1854,1135071657.85351,H1,avQX6bh0MX,Light_Modulation
1857,1134782621.88672,H1,YJn9pjNmoV,Light_Modulation
1862,1135075542.99365,H1,Woz684YQqd,Light_Modulation
1949,1135082209.7153301,L1,U9iD5hghJC,Whistle
1961,1135072586.8183599,H1,5d4EikhqUX,Light_Modulation
1974,1134776774.03125,H1,0Zs3H2YUhE,Light_Modulation
2007,1135091082.8076198,H1,s2b3fC66cs,Light_Modulation
2066,1133741146.45557,H1,1NmfK8UfSN,Koi_Fish
2093,1163409667.68359,H1,MWQzv8jpQb,1080Lines
2105,1163422183.01367,H1,qhP9TELTpR,1080Lines
2123,1136200303.0322301,L1,zTFdpxFe6W,Scratchy
2151,1135088045.5564,L1,tEAKgr5xzf,Whistle
2219,1136200106.4765599,L1,gJP940HNvo,Whistle
2254,1135092770.62891,L1,qCjFaevHTg,Whistle
2300,1136195444.6503901,L1,plXMQEYsJG,Scratchy
2330,1135107360.9375,H1,0LQ5vLEBRC,Low_Frequency_Lines
2362,1135090189.94824,L1,4TgIPJGgYr,Blip
2376,1136200303.64941,L1,j83eGFimlg,Scratchy
2388,1135090227.03564,L1,QWvCmUpKuR,Whistle
2444,1135091093.96338,H1,lzLzlOs7fB,Blip
2465,1136189522.60449,L1,lIHY0s1psL,Whistle
2471,1135060137.67188,H1,0EHvx1Olwj,Wandering_Line
2476,1131067416.75146,H1,lONHmsderZ,Blip
2496,1134782603.35351,H1,ilWIrdBnq5,Blip
2500,1135075992.77246,L1,xmLt4mkEr8,Whistle
2558,1135083099.6084,H1,UPzW3UJzHy,Blip
2584,1135086195.36865,H1,QsGzTmuyOY,Blip
2672,1135078529.83935,H1,3bhclPWDjk,Repeating_Blips
2684,1135078643.87573,H1,UaASRWqZ10,Repeating_Blips
2701,1135088187.2717302,L1,hI52vy4bHI,Whistle
2788,1135078526.6909199,H1,V46dBrO0nH,Repeating_Blips
2794,1136196101.90625,L1,XIxPonjeHn,Scratchy
2838,1135081311.96191,H1,BBfDsu0YuI,Blip
2847,1164290401.66797,H1,xysl8tQX90,1080Lines
2848,1166092524.60547,H1,xMUK98pzrk,1080Lines
2849,1163647493.76953,H1,x1tZs7uCs2,1080Lines
2850,1164285618.12109,H1,wERUUXg3WF,1080Lines
2852,1163648944.3457,H1,vSjxYgaQ8z,1080Lines
2854,1164285656.06445,H1,sMMYKl3qaH,1080Lines
2857,1163499739.70117,H1,r5ROoTaQrY,1080Lines
2859,1164305028.62891,H1,p8J5z0RS9B,1080Lines
2860,1163666501.73047,H1,p2rjQgf9mH,1080Lines
2861,1166204720.47266,H1,nE3bM3xltl,1080Lines
2862,1164554931.28516,H1,jXeoE9FTXQ,1080Lines
2865,1164286856.91016,H1,eFMcVNnj7J,1080Lines
2869,1164013182.56055,H1,Vi8evRjnuF,1080Lines
2870,1163430384.01953,H1,VAYpKRi2sO,1080Lines
2871,1163345525.47266,H1,RVDyGovmah,1080Lines
2875,1164289562.12109,H1,PIbUc0QrFK,1080Lines
2879,1164088409.37891,H1,O41UV7WzPJ,1080Lines
2881,1164012988.93359,H1,O36cGDKHXC,1080Lines
2883,1164284820.50391,H1,LIWLtEFUi6,1080Lines
2888,1168364029.04297,H1,Gfi1XF9xR4,1080Lines
2889,1164302860.19141,H1,DI90wBxtq3,1080Lines
2890,1166086635.88672,H1,D5umACETQH,1080Lines
2892,1164365499.75391,H1,890sdomjSN,1080Lines
2894,1164304617.12109,H1,64b806wbak,1080Lines
2896,1163448993.91016,H1,4Yo6D5LcBL,1080Lines
2899,1163452416.92578,H1,2cx8vvuOAQ,1080Lines
2900,1164535375.7871099,H1,2DYa6QC2Z8,1080Lines
2901,1164302961.35547,H1,1eVKzWQHX5,1080Lines
2902,1164304440.33203,H1,0HjYyme9E8,1080Lines
2904,1135084745.00976,H1,a8ivWIDjil,Light_Modulation
2905,1136195983.5654302,L1,KCuq8nNau1,Scratchy
2909,1135060475.57812,L1,7yR37i978I,Low_Frequency_Burst
2919,1133743040.6015599,H1,MqgOYO0Jio,Low_Frequency_Burst
2925,1135085540.68506,H1,ldyF8Jv8gn,Repeating_Blips
2947,1135072659.42871,H1,2F95xnixP3,Light_Modulation
2953,1136188166.625,L1,JkqENnqiXG,Low_Frequency_Lines
2955,1135082332.19971,L1,R6NLc4u4Hc,Whistle
2969,1136197462.41504,L1,Yk0YWK5kIp,Scratchy
2985,1135065401.26953,L1,NRAk6GmGSl,Whistle
2991,1135088784.10351,L1,X6Di6E4Pnk,Whistle
2996,1136197612.8291,L1,1d4sZGaXKM,Scratchy
2997,1135077492.9003901,H1,12IfV6N9Vv,Repeating_Blips
2998,1135078508.76318,H1,TR10oRxnE7,Repeating_Blips
3009,1136200303.30566,L1,CsFFALEL4d,Scratchy
3020,1135078541.3374,H1,uFlV6noQn8,Repeating_Blips
3025,1135076702.5703099,L1,eLGHJoVtO4,Low_Frequency_Burst
3026,1135084772.2207,H1,4wQ9nbcGR8,Light_Modulation
3031,1135089746.6709,L1,EeLZVrGC0A,Whistle
3032,1135079784.61328,L1,5EEi877BTW,Whistle
3033,1135072824.73486,L1,jcnn4RhXep,Whistle
3035,1135065011.75732,H1,qtlORv41fl,Repeating_Blips
3038,1135084030.01562,H1,0zxRVjWedM,Light_Modulation
3039,1135069305.23438,L1,yYB1KlLWZ9,Low_Frequency_Burst
3040,1135083277.18945,L1,XWYQcsGuKa,Whistle
3042,1135078468.29834,H1,CwBLxk6V41,Repeating_Blips
3046,1135070971.55127,L1,gEE9sRPNmr,Whistle
3071,1135057871.42578,L1,xp1Vwbw1IM,Whistle
3076,1135066517.52051,L1,muexz20KDJ,Whistle
3078,1135090910.83057,L1,L8OurRADvF,Whistle
3079,1135055841.72266,L1,nUuERfCDvc,Whistle
3085,1135065697.5888698,H1,jnEvmR5A23,Repeating_Blips
3087,1135063127.29785,L1,R0v7j7Ci64,Whistle
3093,1135063237.2216802,L1,3v1xd65Dgd,Whistle
3094,1135091292.2334,H1,bUHfzWpbSI,Repeating_Blips
3099,1136194995.53125,L1,EjxP2bkBtz,Scratchy
3102,1136196484.59375,L1,XXCjiPPtAL,Scratchy
3109,1135078538.34131,H1,qaF7cBZ8bp,Repeating_Blips
3114,1136197230.23633,L1,dnulKffDUO,Whistle
3120,1135064632.30127,H1,IF99jhPvmb,Repeating_Blips
3141,1135073781.39453,H1,5c4mNiII9s,Light_Modulation
3142,1135078463.82715,H1,ZrleBOapGH,Wandering_Line
3148,1135072194.37964,L1,QNsoQ8EV27,Whistle
3149,1136199913.5625,L1,J9xoEnckng,Scratchy
3159,1136192118.84375,L1,GcF8ePXhn2,Scratchy
3164,1135079690.12549,L1,FgsynKioon,Whistle
3168,1135060501.26611,L1,jbSGPY9SuI,Whistle
3173,1135092981.72754,L1,rlbMeWUdUu,Whistle
3175,1135074248.40625,H1,n0ML2NTh1m,Light_Modulation
3179,1134780593.5986302,H1,EYReGe6pAB,Extremely_Loud
3186,1135081409.9956,L1,y0GebseDUz,Whistle
3195,1135089384.81641,L1,19zlDPpuhg,Whistle
3197,1135087095.78662,L1,QCrhmM41mc,Whistle
3198,1135095664.1875,H1,lvu0oWeffi,Scattered_Light
3208,1136197366.125,L1,UJWjndOQkT,Low_Frequency_Lines
3230,1130709883.4043,H1,wY5FNDl6QD,Light_Modulation
3244,1135077973.09936,L1,8l9ACinW4s,Whistle
3245,1135075626.39453,L1,ymXQSDePY2,Whistle
3250,1135062329.5048802,H1,2i6UunwUU9,Repeating_Blips
3253,1135094949.8779302,L1,MdYsaPAW1z,Whistle
3258,1135063565.7753901,H1,kBlzDOimsf,Repeating_Blips
3263,1136191835.89746,L1,C9A1uXjbqM,Scratchy
3267,1135070444.48047,H1,Zx1RzgZLgI,Koi_Fish
3273,1136192149.34375,L1,9kbTVBNRCh,Scratchy
3290,1136198567.4453099,L1,0xfA0KROiy,Whistle
3306,1135091941.56421,L1,azUV0cpLmL,Whistle
3308,1135067665.4003901,H1,G5ylfadcjZ,Light_Modulation
3314,1135078540.41943,H1,iplj0VQxvV,Repeating_Blips
3329,1135089524.12256,L1,KG3xrnzKjT,Whistle
3336,1136186209.625,L1,n7G2mz2ia3,Low_Frequency_Lines
3338,1136199998.32129,L1,hgcG3W59wd,Scratchy
3346,1134783859.4140599,H1,baA6zUOvVe,None_of_the_Above
3347,1135070498.17578,L1,jHPLxP3NhS,Whistle
3351,1136185406.0625,L1,pEXWiHZ38h,Low_Frequency_Lines
3352,1130709509.75976,H1,xCN3zQmt0O,Light_Modulation
3353,1135065234.03809,H1,NOVUsj8Q5x,Repeating_Blips
3355,1135085668.9653301,L1,qLnB06l5tl,Whistle
3361,1135065620.61475,H1,yuP4CPHPW3,Repeating_Blips
3362,1135067570.875,L1,Whv2Kdr1t6,Low_Frequency_Burst
3370,1135063804.9375,L1,bZIlcdfLmm,Low_Frequency_Burst
3401,1135094339.88037,L1,aRBgrA1bQi,Whistle
3402,1136199091.54004,L1,KNgnM6QmHW,Scratchy
3411,1135094765.59131,L1,TV0xUYKpfZ,Whistle
3418,1135086637.61328,L1,o0tA4nbu4O,Whistle
3419,1136189288.35351,L1,dTyjKBkKKn,Scratchy
3439,1135107683.3125,H1,v2UGUK1UHm,Scattered_Light
3441,1135088777.89404,H1,qlQgvYHuyK,Repeating_Blips
3443,1136195651.19629,L1,rmuHnPoe2u,Scratchy
3448,1136195008.95117,L1,UPgaMv1Bsi,Scratchy
3457,1136196384.23926,L1,mybjbksQ0L,Scratchy
3462,1135094340.80713,L1,maNcZ6hN0u,Whistle
3467,1135072677.54492,L1,VeQyVYHWSr,Whistle
3483,1135078532.20752,H1,VQCJNC9ARI,Repeating_Blips
3486,1136198956.4746099,L1,vEiEu8n6xO,Scratchy
3490,1135095009.08252,L1,eZzhGjK5ck,Whistle
3492,1135068896.1816401,L1,7ucJfVwS1O,Whistle
3499,1130709625.2753901,H1,Lq7CMflNTG,Light_Modulation
3503,1135076260.10938,L1,4iSeIovxEq,Low_Frequency_Burst
3504,1135090910.04053,L1,P8wJtWBcR9,Whistle
3507,1135062319.91699,H1,Idze7INgje,Repeating_Blips
3513,1135070373.3984401,L1,9jMQ461ia0,Whistle
3514,1135095009.9519,L1,pcTPN4yge8,Whistle
3523,1135064291.65088,H1,LhhfvMt3dy,Repeating_Blips
3525,1135094069.625,H1,b25d8KCj9Q,Scattered_Light
3537,1134781905.11963,H1,JXKE5PknTW,None_of_the_Above
3542,1136199396.87891,L1,q4VcfsbmZh,Whistle
3546,1135065475.98926,H1,B3hQ7afaaP,Repeating_Blips
3548,1135064070.23535,L1,Icg69MtTvo,Whistle
3554,1136197158.4375,L1,erUfGJgnOs,Scratchy
3564,1133742662.5546901,H1,pxVI3qTr64,Low_Frequency_Burst
3565,1135086912.87744,L1,SuFXf19Vuc,Whistle
3571,1136196118.31445,L1,7mD304Qb0k,Scratchy
3573,1135091288.82178,L1,CKIImxzwyb,Whistle
3574,1135077026.80322,L1,BEnd39r1AN,Whistle
3575,1135072023.8125,H1,zvSiyIku3H,Scattered_Light
3576,1135078563.9331,L1,CFqB1yA8Hb,Whistle
3581,1135083738.31665,L1,Th2LNSIlTG,Whistle
3587,1135056610.4375,L1,toiW77bcZ8,Low_Frequency_Burst
3590,1135075745.85645,L1,yfXN8OitPI,Whistle
3591,1130710103.2558599,H1,N8nbtoDGRN,Light_Modulation
3600,1135072454.9121099,H1,8W6VgWfxsS,Light_Modulation
3601,1136195702.2558599,L1,rKUIpXcJoN,Scratchy
3608,1136187995.0878901,L1,doaoytInJw,Scratchy
3616,1135079546.33838,L1,34Mg4NROID,Whistle
3638,1131067345.12451,H1,lmmloavlLR,Blip
3645,1135078527.55322,H1,ijUw2JfXRL,Repeating_Blips
3646,1136195643.66504,L1,cOzdimzzSj,Scratchy
3647,1135085668.28345,L1,39HEIxOw3R,Whistle
3685,1135068178.50391,H1,j7RdflT2u4,Extremely_Loud
3690,1135084084.10938,H1,Sh5AX8MgQP,Light_Modulation
3694,1135066880.35938,L1,7LZuwmq9OG,Low_Frequency_Burst
3700,1135091369.41455,L1,Qzpr0t0kyb,Whistle
3709,1135058152.09521,L1,rU5WYv6c1k,Whistle
3713,1136196123.28125,L1,PhIlI1N2cZ,Scratchy
3724,1133742079.6953099,H1,rH5hNyNY5h,Low_Frequency_Burst
3728,1136195471.26074,L1,phPtTlLcwl,Scratchy
3732,1136198066.57715,L1,FG8GzD5DlH,Scratchy
3758,1135073410.85107,L1,I8pNBk4zkk,Whistle
3770,1135068964.0415,L1,nfn8bPnfox,Whistle
3776,1135088683.9789999,L1,grOtFPqRIw,Whistle
3787,1164285243.03516,H1,IEynkgRGjd,1080Lines
3797,1164385960.62109,H1,H4V6b5K6XH,1080Lines
3836,1164286731.17578,H1,SzBu77BBXm,1080Lines
3856,1164013476.76953,H1,gyH5BJPqWs,1080Lines
3871,1164289668.42578,H1,QguTVQlKrY,1080Lines
3872,1164108243.13672,H1,B5jBqwY0al,1080Lines
3874,1163770364.82617,L1,uyoHDHasGf,Violin_Mode
3892,1130710463.23242,H1,kIpV4g2Gdf,Light_Modulation
3896,1166208105.53516,H1,UpKOgm5HAa,1080Lines
3898,1163749703.95898,L1,1J4VekQSW6,Violin_Mode
3905,1164543736.82226,H1,EfSwdRAzPK,1080Lines
3929,1164293858.63672,H1,FrWLRghIBG,1080Lines
3945,1168364061.41016,H1,IdQEdbV7B1,1080Lines
3959,1130700265.2085,H1,QqQYVzRjyu,Light_Modulation
3971,1163702769.93359,H1,IrTp1sgMv4,1080Lines
3976,1168364972.22266,H1,veptDpEklD,1080Lines
3977,1136190547.0625,L1,j7PS289Iyv,Scratchy
3979,1164299533.31641,H1,77ErZcvdnb,1080Lines
3983,1163832879.88672,L1,w3uFWAg0Ke,Violin_Mode
3987,1163682268.52734,H1,Mh5h9SdGLD,1080Lines
4004,1164380277.47266,H1,1EHIj1sGu0,1080Lines
4020,1163843139.3378901,L1,xr2Nen1Xd6,Violin_Mode
4034,1163680322.47266,H1,jF6c4GNHRA,1080Lines
4037,1164289160.77734,H1,PND1xle0zO,1080Lines
4053,1135096257.91992,L1,VWQE8m0ND4,Repeating_Blips
4075,1135068249.29688,H1,uCJBz2qROm,Extremely_Loud
4076,1164290949.5371099,H1,2k84R3MvFR,1080Lines
4090,1163671920.94141,H1,gLVHcmnIyU,1080Lines
4094,1164298930.19141,H1,YQw7poeK9S,1080Lines
4105,1164300121.4668,H1,nfljJMZJOL,1080Lines
4114,1164294642.0058599,H1,YTKB14TNg6,1080Lines
4128,1164297765.42383,H1,yOGb49ZRP5,1080Lines
4139,1163527339.83984,H1,QpSD16cAsr,1080Lines
4142,1166092337.45703,H1,96qfnaL98w,1080Lines
4153,1166205219.98047,H1,RmBM02ZO3T,1080Lines
4157,1163444688.3496099,H1,uzlnzCLKQu,1080Lines
4158,1163660289.25391,H1,iTk9QKohb0,1080Lines
4164,1164118464.26758,H1,Sn4JNI5j2u,1080Lines
4175,1134776953.3359401,H1,6ljFTIezJH,None_of_the_Above
4201,1166272029.08203,H1,m6tlxIU2L1,1080Lines
4218,1164099613.10547,H1,UUkdVpim23,1080Lines
4222,1164302735.43359,H1,LAC6x2SFjn,1080Lines
4224,1164290298.85547,H1,QAa3jzraha,1080Lines
4232,1164297262.77734,H1,uauin9L3QE,1080Lines
4233,1166207003.44922,H1,axsYy3voLz,1080Lines
4234,1135077221.21875,H1,xA7Dt0FhVp,Light_Modulation
4239,1130708127.35254,H1,SMiNf4nKyI,Light_Modulation
4243,1163618068.76172,H1,LjTrfwD8kF,1080Lines
4244,1164300803.98828,H1,7rEr1TIONr,1080Lines
4253,1135090236.73389,H1,Ptpp4GvUFd,Light_Modulation
4254,1164013540.76758,H1,PorAhKoZq4,1080Lines
4266,1164282990.62891,H1,UXjE00jML7,1080Lines
4269,1164284168.16016,H1,7thLoizHKP,1080Lines
4276,1164286645.13672,H1,5nCH2pEaEX,1080Lines
4284,1166137086.38672,H1,8oaS4n2AjN,1080Lines
4285,1164370760.18359,H1,XvQFI01hWX,1080Lines
4301,1135064116.32715,H1,fTCpenQE88,Repeating_Blips
4304,1164388963.48047,H1,SuDygaCAZw,1080Lines
4309,1163313153.25391,H1,l28dtdPFjr,1080Lines
4312,1164291169.69726,H1,E6e3TQp765,1080Lines
4326,1163421253.18359,H1,W96DNIQvbq,1080Lines
4387,1164295289.9043,H1,bUMkp7R9vz,1080Lines
4390,1163408208.46484,H1,U2Nyy2ByRM,1080Lines
4392,1135088351.1865199,L1,ULivKJqnKT,Whistle
4396,1136199905.14062,L1,M8qqHegx08,Scratchy
4404,1135078507.31982,H1,rNp8aLnUNG,Repeating_Blips
4405,1135062600.16992,H1,eHyo0Dfalo,Repeating_Blips
4424,1135064247.30713,H1,cw2W1A3qVT,Repeating_Blips
4442,1133742565.8671901,H1,q6NOwhfZ2g,Low_Frequency_Burst
4444,1164102557.88867,H1,gSjj3feLRM,1080Lines
4448,1164468352.30859,H1,aBDrW0g9ep,1080Lines
4453,1163445249.49609,H1,1rlMYWNnxq,1080Lines
4459,1130698436.7470698,H1,eJ0rCfYw7X,Light_Modulation
4464,1133743073.10938,H1,ZmecmioHL7,Low_Frequency_Burst
4468,1164300796.99609,H1,7tuLBCKNav,1080Lines
4475,1164288077.6308599,H1,drJ8MVVxUZ,1080Lines
4476,1164289163.47266,H1,HnZh91owEB,1080Lines
4485,1164113796.46484,H1,kghNvEiW0B,1080Lines
4493,1135078642.94995,H1,cJHydr59E7,Repeating_Blips
4496,1135099786.8173802,H1,FBM9sxU1HA,Light_Modulation
4499,1135078466.07129,H1,twWlMwQDOs,Repeating_Blips
4509,1135078523.91748,H1,hSqnpCDmsy,Repeating_Blips
4616,1164296310.7753901,H1,bPKqYxiqmv,1080Lines
4618,1131067559.6596699,H1,W9a4z5uLsx,Blip
4682,1135079664.6904302,H1,JVLwOupRTg,Light_Modulation
4683,1135073856.49316,H1,IKUrYGO8Nh,Light_Modulation
4684,1134777365.81982,H1,CmCkZojNhh,Light_Modulation
4685,1135086722.89062,H1,83WtGBFTlC,Light_Modulation
4699,1130705249.42773,H1,r1vn1lGvnz,Light_Modulation
4702,1134783560.3486302,H1,Bd75zCWyxH,Repeating_Blips
4703,1135085227.48877,H1,9L6wndYquF,Repeating_Blips
4704,1135078528.68799,H1,wwzfRaTJhy,Repeating_Blips
4705,1135099474.1953099,H1,mJiaM6rVu1,No_Glitch
4706,1135078312.4453099,H1,ifa2AVvlOd,None_of_the_Above
4710,1135059697.64111,H1,UuZEPe2F0R,Repeating_Blips
4711,1135068843.3125,H1,yTupK9pYNj,Scattered_Light
4713,1134777410.16797,H1,jWTikf31Cs,Wandering_Line
4715,1135085023.14062,H1,4zIaC8wg43,Wandering_Line
4723,1135091709.4375,H1,zeBA20he2J,Scattered_Light
4727,1135078528.82764,H1,EBqwDJom8N,Repeating_Blips
4729,1135067609.29395,H1,8CqOxJe1zU,Repeating_Blips
4730,1135085180.0263698,H1,5q26EOBpbD,Repeating_Blips
4732,1135078528.23096,H1,BUf1O6gytD,Repeating_Blips
4733,1135078536.73779,H1,9VL7tNEu7c,Repeating_Blips
4734,1135078525.26025,H1,sNp00EPuat,Repeating_Blips
4735,1135078549.85791,H1,jxtq8SOaut,Repeating_Blips
4736,1135078530.26807,H1,cf093P6qo8,Repeating_Blips
4737,1135064147.1084,H1,Cphm7zZeyl,Repeating_Blips
4738,1135078468.66699,H1,ul7I9R0yNi,Repeating_Blips
4739,1135078506.53369,H1,ntNN6l0wZ1,Repeating_Blips
4740,1135080812.0371099,H1,mJSPrN75tw,Repeating_Blips
4741,1135065488.97021,H1,bxza9ROBYL,Repeating_Blips
4742,1164537292.05078,H1,WYEuZOyk7O,1080Lines
4744,1135062311.16895,H1,7lN3tZli3e,Repeating_Blips
4745,1135064291.90234,H1,m3cS6Wt3CM,Repeating_Blips
4752,1130699629.3457,H1,ixBfIubwwJ,Light_Modulation
4753,1135069835.05566,H1,HUoYARji3z,Light_Modulation
4754,1130700204.66895,H1,aiqof2gtqQ,Light_Modulation
4756,1130708687.8378901,H1,1F7ouIjvmL,Light_Modulation
4770,1135094645.60205,H1,OFxsePj9QI,Extremely_Loud
4772,1130699201.7172801,H1,z8qbuZFilL,Blip
4774,1135078406.4013698,H1,FZSGwfkd5j,Blip
4775,1130709671.3923302,H1,AlZq3USoBg,Blip
4776,1130696980.36426,H1,jAetgQC19t,Blip
4781,1168364409.21484,H1,z76Z7CVCRA,1080Lines
4785,1135065359.88965,H1,WoyiyDJjbk,Repeating_Blips
4786,1135065137.9951198,H1,QRML6snHU8,Repeating_Blips
4787,1135064298.58105,H1,E3blnwvCeA,Repeating_Blips
4788,1135085182.06201,H1,9rqqj3rB8D,Repeating_Blips
4789,1134780425.5415,H1,wZKSH5t2or,Repeating_Blips
4790,1135064382.86816,H1,UAS9Lzlxrs,Repeating_Blips
4791,1135078537.58838,H1,T7Rx15WcgW,Repeating_Blips
4792,1135078540.82666,H1,vjQKpFk8XL,Repeating_Blips
4838,1136805449.01562,H1,M8sMNNdKCJ,Low_Frequency_Burst
4860,1135070465.67578,H1,tRHY0OTkqH,Light_Modulation
4870,1135072049.66455,H1,nDimcUdgEU,Light_Modulation
4871,1135077530.80176,H1,VZlINx6mi6,Light_Modulation
4882,1135078107.4375,H1,Ag1HVzAE7v,Light_Modulation
4891,1130708235.88867,H1,hmJlH54OdU,Light_Modulation
4895,1135072685.32226,H1,sOcc2Kt1aH,Light_Modulation
4896,1130705894.7441401,H1,qryq2LZVW9,Light_Modulation
4897,1135091113.0263698,H1,LUO5zAmWib,Light_Modulation
4899,1135073710.5566401,H1,9yJqdWchy1,Light_Modulation
4900,1135073666.14062,H1,rxSAA75ARs,Light_Modulation
4905,1135073715.49805,H1,NBko0jc5uW,Light_Modulation
4906,1135071370.98486,H1,7gRlv1k2fa,Light_Modulation
4908,1130709563.49463,H1,4vgUrOlGDS,Light_Modulation
4936,1130707690.6171901,H1,wvBVdLPvPP,Extremely_Loud
5063,1164302544.13672,H1,xFksSZzCAs,1080Lines
5064,1135065727.6826198,L1,jRgYjjSLAm,Whistle
5065,1135082203.17822,L1,e9Y139qQTZ,Whistle
5066,1134783715.70312,H1,alxtLFpdyy,No_Glitch
5070,1135064027.23926,H1,gqyYpwkoXH,Repeating_Blips
5072,1135063478.04883,H1,liHA4upuLv,Repeating_Blips
5073,1134777033.1543,H1,kIEqdAexCO,No_Glitch
5077,1134781018.93066,H1,BnBYeOh8VL,Repeating_Blips
5078,1134782283.6572301,H1,7yfRBcTMfS,Repeating_Blips
5079,1135062325.5459,H1,ulr5Wk7mLY,Repeating_Blips
5081,1134780882.4375,H1,TV9eSkzbPd,Extremely_Loud
5082,1134777102.09766,H1,Mot4UjRpOy,None_of_the_Above
5110,1164012410.41016,H1,GeSJbSMFqS,1080Lines
5119,1136195708.07617,L1,KtBoqs2dvr,Scratchy
5122,1164293860.35547,H1,nqw5iPViPi,1080Lines
5125,1135437027.875,L1,JdWhwxswdi,Extremely_Loud
5131,1133742877.875,H1,HSG2mJiuFk,Scattered_Light
5132,1136199154.4765599,L1,fn4BboYSoq,Whistle
5133,1130707982.9091802,H1,Q4FoIc9lcC,Light_Modulation
5141,1135083878.36182,L1,dY9kE4rbnR,Whistle
5144,1163771415.0683599,L1,wUptW8ArKF,Violin_Mode
5158,1163772642.9628901,L1,tK33TIHUeU,Violin_Mode
5168,1164388546.16797,H1,pIZ4mTnvwJ,1080Lines
5187,1164380370.79297,H1,QRO8LQ13Hq,1080Lines
5196,1136198770.9375,L1,7Lb9GXMs8E,Scratchy
5200,1136195981.21875,L1,lS8h9DdxDp,Scratchy
5203,1136198466.21875,L1,ETpbKwDSO5,Scratchy
5221,1163830087.87891,L1,0mVktFXgVc,Violin_Mode
5226,1135067627.20068,H1,d8f7eZWvul,Light_Modulation
5261,1135055207.71362,L1,ZVDqXWlfif,Whistle
5265,1164107110.12109,H1,pVYbrjw1GZ,1080Lines
5372,1163840329.47851,L1,sOAoNxfHx8,Violin_Mode
5422,1130708247.4746099,H1,ZHhia2tvgH,Light_Modulation
5423,1163791532.0957,L1,ylQmU4NSAh,Violin_Mode
5424,1163767063.45703,L1,p4Odp0Yjwn,Violin_Mode
5427,1164109648.91016,H1,sr3Ki38liB,1080Lines
5431,1163672272.89453,H1,Viw1nTAAUQ,1080Lines
5437,1163841688.41992,L1,tK9gkapJB0,Violin_Mode
5493,1163512315.68359,L1,rYq5awoMci,Violin_Mode
5622,1135056440.5625,L1,2GO7DCuPbo,Low_Frequency_Lines
5635,1136191061.5957,L1,nIxadNRO5u,Scratchy
5643,1163769973.50195,L1,tTn4p77ovO,Violin_Mode
5662,1135077539.47705,L1,14jkIF8ByV,Whistle
5673,1135056531.8486302,L1,UxG9kJdG37,Blip
5675,1135093982.18896,L1,dFAzsyvQ4x,Whistle
5734,1135090269.10351,L1,azelzmQHxL,Whistle
5829,1164552692.2441401,H1,fZEpSE1zSE,1080Lines
5834,1164013123.23828,H1,hvKDYByg3V,1080Lines
5844,1164287899.00391,H1,i7CRtnNBzk,1080Lines
5875,1163835066.4043,L1,ymHW2rnLGg,Violin_Mode
5878,1163655924.39453,H1,OR1e7kCe22,1080Lines
5893,1164547417.04297,H1,VRhVrnCszm,1080Lines
5911,1164088615.44141,H1,IwUw90QsV0,1080Lines
5924,1164107383.16797,H1,O25HSCnXwr,1080Lines
5932,1164295290.27734,H1,UCNC8vvFQm,1080Lines
5945,1164286274.33203,H1,eksl5E3hoZ,1080Lines
5946,1166272037.58203,H1,JzGEiX0IgH,1080Lines
5951,1164013127.41797,H1,nKGIkrz4mq,1080Lines
5978,1163660549.42578,H1,UW2Xcd3a3l,1080Lines
5979,1163513638.4707,L1,rDX3G41XJK,Violin_Mode
6018,1164282809.37891,H1,gxvZuHIauB,1080Lines
6034,1163837312.45117,L1,tCTjq7z9mp,Violin_Mode
6037,1163343355.5996099,H1,rnqmBWCSka,1080Lines
6065,1164097617.14453,H1,SfNr2L1v2I,1080Lines
6066,1164386219.17773,H1,MynFprIBlV,1080Lines
6067,1135085352.89453,L1,Sy3yJy4Z4N,Whistle
6069,1135074269.42188,L1,tdSjpyFEaa,Low_Frequency_Burst
6078,1164301274.45703,H1,MMfzMWGEFW,1080Lines
6081,1136195650.0293,L1,HANCnJuKxB,Scratchy
6087,1164548437.98633,H1,A3x9wPMKd9,1080Lines
6092,1164114096.48047,H1,ZBY7ZNpDIv,1080Lines
6093,1163618812.94141,H1,bJDQSwHSgy,1080Lines
6098,1163699121.6503901,H1,9BoTjVbUhu,1080Lines
6100,1136197788.4365199,L1,Xt4d84LqyG,Scratchy
6113,1135095907.38135,L1,ZtOSG8FTlU,Whistle
6117,1135081918.41016,L1,p4HvaAIeFo,Whistle
6118,1135086231.98828,L1,doi42ozO2U,Whistle
6130,1164291606.80078,H1,eE8wHFNUFe,1080Lines
6142,1166273869.75391,H1,ZZJw39b076,1080Lines
6151,1163657179.73828,H1,2C6AjkYrHM,1080Lines
6152,1164290856.51953,H1,1jOUMDQOVj,1080Lines
6153,1164289159.11328,H1,KE6ffmEMiX,1080Lines
6159,1163483517.04883,H1,xjjkUWWx3l,1080Lines
6160,1135091570.17725,L1,jxwh9gAJPg,Whistle
6162,1168363904.55078,H1,RbcMIPBTfp,1080Lines
6176,1164299578.2207,H1,OQnyzAehhL,1080Lines
6182,1163836538.10742,L1,vpQNyg3FQg,Violin_Mode
6185,1135062623.20312,L1,wfJqp8qZgW,Low_Frequency_Burst
6197,1164294081.05273,H1,7InAI851u9,1080Lines
6203,1135088354.61743,L1,k7wJEl2KGC,Whistle
6210,1163682527.54297,H1,hMBt5Ss9tF,1080Lines
6211,1164294963.05859,H1,6jVGUpIw5L,1080Lines
6230,1164286444.90234,H1,hUKzHKshTK,1080Lines
6239,1164303519.87109,H1,RkF5E0qjRx,1080Lines
6244,1164012590.08203,H1,0BfWAn19Mr,1080Lines
6252,1164113140.54297,H1,de9Ll0VF0a,1080Lines
6273,1163770315.61328,H1,EdTjBlRVxJ,1080Lines
6278,1164100712.62891,H1,7kHuT4Jhn2,1080Lines
6286,1163618105.45703,H1,BccgACJVYk,1080Lines
6300,1134777223.8740199,H1,vgB40FPKc6,Light_Modulation
6301,1134777436.7265599,H1,qbkaKSXxhw,Koi_Fish
6303,1135062527.0752,H1,zPMhwqdzRW,Repeating_Blips
6351,1163675035.76953,H1,Q2BHlPLJ3j,1080Lines
6366,1164385225.22851,H1,9upaPZa2D1,1080Lines
6381,1164290180.75976,H1,NTR0nLQqSZ,1080Lines
6384,1130698970.29492,H1,UMcjO6pJoy,Koi_Fish
6386,1164304537.51953,H1,dDbkJRKGr5,1080Lines
6404,1164283342.66016,H1,xJhLpqvh41,1080Lines
6405,1164282990.92578,H1,6Ex2T3czr3,1080Lines
6408,1164302862.38476,H1,KeVX5p32rx,1080Lines
6430,1168364664.26953,H1,a92Zm9AhZG,1080Lines
6466,1135094918.6167,H1,742DTxcTs8,Blip
6534,1135078475.8173802,H1,lyw9WiViYO,Repeating_Blips
6538,1135081044.875,H1,notFi0yRmk,Scattered_Light
6546,1163705638.34766,H1,uya6C1c1Z1,1080Lines
6552,1166206291.98047,H1,RCcNirTzF6,1080Lines
6556,1135071144.4140599,H1,kiyg5HETsX,Extremely_Loud
6557,1166269439.38672,H1,rYJFaIl90P,1080Lines
6591,1164537661.1308599,H1,sLyASs5xQ6,1080Lines
6595,1163679137.26172,H1,yHv3pUJOvC,1080Lines
6597,1130699446.6923802,H1,OyYfPPzeTq,Light_Modulation
6598,1135072306.2832,H1,F18RrLakkd,Light_Modulation
6614,1133742323.8671901,H1,Tk0B7a4Q0p,Low_Frequency_Burst
6615,1135091099.67871,H1,htGNrqqalD,Light_Modulation
6617,1135072040.76172,H1,2bfhFV3csv,Light_Modulation
6621,1135067607.9404302,H1,JZjDTZPgOb,Repeating_Blips
6622,1135070922.97119,H1,zw8BqZ6lKk,Light_Modulation
6635,1135070368.4502,H1,w7vjcQiWXW,Repeating_Blips
6645,1135078509.37451,H1,Ljrf44isKa,Repeating_Blips
6798,1130710400.86816,H1,j9tmIHDsgI,Light_Modulation
6799,1135071562.33984,H1,DWRZh3gU6W,Light_Modulation
6800,1130705309.31055,H1,6WSD8yaOXM,Light_Modulation
6804,1135067633.5058599,H1,juzZjTGkQR,Light_Modulation
6805,1130698648.4736302,H1,eW67VCWcxW,Light_Modulation
6821,1134776837.5234401,H1,TM8PlBOVw0,None_of_the_Above
6823,1135085541.29248,H1,N97mnHdNmE,Repeating_Blips
6824,1135086117.99268,H1,KL5XX8olvC,Repeating_Blips
6825,1135064853.1298802,H1,ujOXB0cylm,Repeating_Blips
6828,1135078325.0703099,H1,kLnGpUCre3,Wandering_Line
6829,1134781149.35547,H1,UauHmX940I,Wandering_Line
6830,1135078801.48438,H1,TkE6xwC6Bh,Wandering_Line
6831,1135099123.61328,H1,OJsEXphayu,Wandering_Line
6832,1135078642.46167,H1,GEzhwTZrlP,Repeating_Blips
6842,1135091982.1875,H1,4AuyOfgI2E,Scattered_Light
6844,1135078642.58569,H1,GNa1XVZ33N,Repeating_Blips
6845,1135064285.6923802,H1,9fArCZLVYR,Repeating_Blips
6846,1135091320.76758,H1,0kEtuRN5bL,Repeating_Blips
6847,1135078643.42554,H1,lM2QGe15VF,Repeating_Blips
6848,1135091340.1377,H1,FdtYEeYiyC,Repeating_Blips
6849,1135078535.47021,H1,ARLfaZos0T,Repeating_Blips
6850,1135078466.79395,H1,uFEwI6afJo,Repeating_Blips
6851,1135078528.0903301,H1,oJHHAprC0N,Repeating_Blips
6852,1135091291.23633,H1,cZNENi49Cb,Repeating_Blips
6853,1135063659.79101,H1,SbEfN2Kode,Repeating_Blips
6854,1135065163.13623,H1,QHC55lYl4E,Repeating_Blips
6855,1135063209.9628901,H1,DWUTdJOTNK,Repeating_Blips
6856,1135065302.95605,H1,0u1r1kBgwF,Repeating_Blips
6857,1135078467.8833,H1,oE6q8VQlHE,Repeating_Blips
6858,1135091301.00879,H1,PiRr2LleQW,Repeating_Blips
6860,1135091302.47754,H1,n3Z6udgcX9,Repeating_Blips
6871,1130705633.9628901,H1,1mcZ85n8UQ,Light_Modulation
6887,1135068641.8671901,H1,acVzZX8gK9,Extremely_Loud
6888,1135097891.7197301,H1,hJUgAbDG1f,Blip
6898,1131067438.70605,H1,oCwppfR66a,Blip
6900,1135078469.52393,H1,IITotP8DAt,Repeating_Blips
6901,1135078527.18018,H1,IAhbcT4ZYf,Repeating_Blips
6903,1135065004.5581,H1,8nevGXEMud,Repeating_Blips
6904,1135085540.98584,H1,sSmuAnXqCY,Repeating_Blips
6905,1135078535.59912,H1,hL1O6GCqfH,Repeating_Blips
6922,1135090673.64062,H1,DyAGCX9EeJ,None_of_the_Above
6924,1136803937.25,H1,PC9L72uW7x,No_Glitch
6965,1135083359.1875,H1,0yn88IyjOH,Low_Frequency_Burst
6999,1135075222.70801,H1,Sa4XOwbVU1,Light_Modulation
7001,1134779271.20312,H1,I7jwTbOZPz,Light_Modulation
7003,1135088952.95312,H1,Ng0EPJjZtf,Light_Modulation
7004,1135074928.8154302,H1,IkrvPe8xGj,Light_Modulation
7005,1135091423.0332,H1,8LXNG00BDN,Light_Modulation
7008,1130704936.6191401,H1,tatRyVCNvS,Light_Modulation
7010,1135075211.0927699,H1,JAN7DoN1Nz,Light_Modulation
7011,1135072088.2168,H1,Fgxlh16R43,Light_Modulation
7012,1135072873.45703,H1,4BRUnMW9v7,Light_Modulation
7040,1134780187.20312,H1,21C2PBwZqo,Extremely_Loud
7169,1135064343.26172,L1,UBivGGazpn,Whistle
7178,1135064980.57471,H1,8x4DE1XBcZ,Repeating_Blips
7179,1135062307.0283198,H1,rwJnVj6sGW,Repeating_Blips
7182,1135064100.26855,H1,OQ3AWMOCHw,Repeating_Blips
7183,1135063484.60449,H1,Noeybyq2Me,Repeating_Blips
7184,1135064883.67871,H1,I7mTvKoqeG,Repeating_Blips
7185,1135064114.74023,H1,BZTWNS8uRn,Repeating_Blips
7186,1135065018.5634801,H1,isrQVRGVuQ,Repeating_Blips
7187,1135064979.19434,H1,JgDu5YOEgB,Repeating_Blips
7188,1135065538.95215,H1,FjrKt8Gwf7,Repeating_Blips
7191,1134780623.8291,H1,ca36pHps3n,Light_Modulation
7192,1134781631.0390599,H1,gb9Zn5OulB,None_of_the_Above
7193,1134777015.10547,H1,d7SOakWgIN,None_of_the_Above
7202,1136184926.9585,L1,ud1O0t5NeK,Blip
7214,1132693920.875,L1,D2GUZJiswo,Extremely_Loud
7217,1164304741.00976,H1,p9CkDKvzyP,1080Lines
7231,1136196162.37695,L1,P3Fh7ZNCv9,Scratchy
7235,1163842433.64648,L1,sHjo8MNW3F,Violin_Mode
7287,1164300389.15234,H1,YFN9DjXgDB,1080Lines
7288,1163772752.6816401,L1,u4HXbI9jRg,Violin_Mode
7296,1136197460.59375,L1,nXpRtVw0E1,Scratchy
7297,1135092240.9990199,L1,MfmWWScKnA,Whistle
7301,1136194955.3066401,L1,1jeskmhlNF,Scratchy
7303,1136189364.03125,L1,affDNL6xkq,Scratchy
7316,1135087736.45386,L1,R0ncQY2JW4,Whistle
7317,1135058868.0922801,L1,doo0JEKXhu,Whistle
7364,1163839708.2168,L1,xPK0vaSPhv,Violin_Mode
7367,1164297101.87109,H1,BDt7TGCYk8,1080Lines
7376,1163827313.48828,L1,uzTTknYBCO,Violin_Mode
7400,1135072261.92285,H1,VRd77v52B7,Light_Modulation
7402,1163422183.18945,H1,aRzlTz83it,1080Lines
7403,1163429172.51953,H1,Qa6KauzPHj,1080Lines
7424,1163791929.85351,L1,yjKLcbgPq0,Violin_Mode
7432,1163698700.12109,H1,jqRE0z9Wou,1080Lines
7438,1164013197.69141,H1,BWRZ0VsqeQ,1080Lines
7442,1135099838.73438,H1,MOlaUVOTVR,Light_Modulation
7444,1163831462.39648,L1,qvuaxZ9zLM,Violin_Mode
7499,1163411086.82617,H1,PXc3fod2ph,1080Lines
7506,1163773016.86523,L1,zYXwzuwCcK,Violin_Mode
7514,1163773246.92383,L1,twvHjoSoEe,Violin_Mode
7541,1163835693.3691401,L1,nu83w0L9Vp,Violin_Mode
7564,1163702179.22266,H1,j4qMZLPuYV,1080Lines
7565,1164282992.89453,H1,ZFkNqStNkE,1080Lines
7570,1163831806.9668,L1,0rxHGdVSBy,Violin_Mode
7579,1163767001.7246099,L1,wDUNEi2NTS,Violin_Mode
7652,1135083710.8984401,L1,w1Lir1Hcip,Low_Frequency_Burst
7681,1135065725.375,L1,pjzZbKIArZ,Low_Frequency_Lines
7685,1164303847.30078,H1,xNFTrJwknm,1080Lines
7737,1135082291.06641,L1,34uAoU73ws,Whistle
7738,1136194714.15625,L1,PxABno2UZu,Scratchy
7756,1126738844.91748,L1,n5w2dtsF9U,Repeating_Blips
7760,1164300240.2793,H1,BV9N8E9bOe,1080Lines
7761,1163841850.5371099,L1,udW3xce2bM,Violin_Mode
7762,1163840643.8418,L1,qEOU6Eu3nH,Violin_Mode
7783,1136195598.56445,L1,23PZ2Yr5uG,Scratchy
7788,1135071751.87744,L1,RiV1NqqWhW,Whistle
7807,1163770118.83984,L1,viCRlHhXz3,Violin_Mode
7841,1163770762.5957,L1,sIVvCfKZoL,Violin_Mode
7842,1135094764.8833,L1,cTwrdPEHoY,Whistle
7846,1135088516.73975,L1,g4u7VNBGQu,Whistle
7916,1163626150.23633,H1,Q4wI1di2PU,1080Lines
7921,1164295966.62891,H1,pgN5H9PTnx,1080Lines
7936,1168364974.93359,H1,QLDd3iFxu0,1080Lines
7937,1164012419.01172,H1,3YuTeAopgQ,1080Lines
7938,1164111938.16797,H1,ylx2mIutbh,1080Lines
7959,1163773048.91601,L1,1l8twt9f9a,Violin_Mode
7964,1163789867.49609,L1,lshKvhcRcT,Violin_Mode
